{
  "state": {
    "isStdOutTTY": true,
    "isStdErrTTY": true,
    "testRunDurationMs": 62178.425409
  },
  "metrics": {
    "http_req_duration": {
      "type": "trend",
      "contains": "time",
      "values": {
        "avg": 148.4503796526316,
        "min": 127.763318,
        "med": 147.49375,
        "max": 396.612357,
        "p(90)": 154.6983422,
        "p(95)": 163.6353296
      },
      "thresholds": {
        "p(95)<2000": {
          "ok": true
        }
      }
    },
    "http_req_blocked": {
      "type": "trend",
      "contains": "time",
      "values": {
        "min": 0.000192,
        "med": 0.000319,
        "max": 436.375245,
        "p(90)": 0.00035720000000000006,
        "p(95)": 0.00041679999999999967,
        "avg": 4.593740263157895
      }
    },
    "data_received": {
      "type": "counter",
      "contains": "data",
      "values": {
        "count": 1219109,
        "rate": 19606.623872844815
      }
    },
    "iterations": {
      "type": "counter",
      "contains": "default",
      "values": {
        "count": 19,
        "rate": 0.3055722282290193
      }
    },
    "http_req_connecting": {
      "type": "trend",
      "contains": "time",
      "values": {
        "med": 0,
        "max": 128.84489,
        "p(90)": 0,
        "p(95)": 0,
        "avg": 1.3562619999999999,
        "min": 0
      }
    },
    "http_req_tls_handshaking": {
      "values": {
        "max": 260.836176,
        "p(90)": 0,
        "p(95)": 0,
        "avg": 2.745643957894737,
        "min": 0,
        "med": 0
      },
      "type": "trend",
      "contains": "time"
    },
    "vus": {
      "type": "gauge",
      "contains": "default",
      "values": {
        "value": 1,
        "min": 1,
        "max": 1
      }
    },
    "http_req_waiting": {
      "type": "trend",
      "contains": "time",
      "values": {
        "avg": 144.41555105263157,
        "min": 127.645529,
        "med": 147.104862,
        "max": 181.934245,
        "p(90)": 151.3449694,
        "p(95)": 154.69339779999999
      }
    },
    "response_time": {
      "type": "trend",
      "contains": "default",
      "values": {
        "p(95)": 163.6353296,
        "avg": 148.4503796526316,
        "min": 127.763318,
        "med": 147.49375,
        "max": 396.612357,
        "p(90)": 154.6983422
      }
    },
    "checks": {
      "type": "rate",
      "contains": "default",
      "values": {
        "fails": 38,
        "rate": 0.75,
        "passes": 114
      }
    },
    "group_duration": {
      "contains": "time",
      "values": {
        "avg": 3272.4848489473684,
        "min": 3167.814771,
        "med": 3247.350006,
        "max": 3922.76913,
        "p(90)": 3265.2260474,
        "p(95)": 3337.2688514999986
      },
      "type": "trend"
    },
    "http_req_failed": {
      "type": "rate",
      "contains": "default",
      "values": {
        "rate": 0.4,
        "passes": 38,
        "fails": 57
      },
      "thresholds": {
        "rate<0.1": {
          "ok": false
        }
      }
    },
    "http_req_duration{expected_response:true}": {
      "type": "trend",
      "contains": "time",
      "values": {
        "max": 396.612357,
        "p(90)": 155.0070118,
        "p(95)": 163.5160084,
        "avg": 150.9466768596491,
        "min": 128.372614,
        "med": 147.674069
      }
    },
    "errors": {
      "type": "rate",
      "contains": "default",
      "values": {
        "fails": 76,
        "rate": 0.2,
        "passes": 19
      },
      "thresholds": {
        "rate<0.1": {
          "ok": false
        }
      }
    },
    "vus_max": {
      "type": "gauge",
      "contains": "default",
      "values": {
        "value": 1,
        "min": 1,
        "max": 1
      }
    },
    "data_sent": {
      "type": "counter",
      "contains": "data",
      "values": {
        "count": 13426,
        "rate": 215.92698611593752
      }
    },
    "iteration_duration": {
      "type": "trend",
      "contains": "time",
      "values": {
        "avg": 3272.528943157895,
        "min": 3167.856959,
        "med": 3247.394235,
        "max": 3922.82463,
        "p(90)": 3265.2726734,
        "p(95)": 3337.3156844999985
      }
    },
    "http_req_sending": {
      "type": "trend",
      "contains": "time",
      "values": {
        "min": 0.05498,
        "med": 0.078476,
        "max": 0.586827,
        "p(90)": 0.09006940000000002,
        "p(95)": 0.10459589999999996,
        "avg": 0.08711568421052633
      }
    },
    "http_reqs": {
      "type": "counter",
      "contains": "default",
      "values": {
        "count": 95,
        "rate": 1.5278611411450964
      }
    },
    "http_req_receiving": {
      "type": "trend",
      "contains": "time",
      "values": {
        "med": 0.046025,
        "max": 263.43918,
        "p(90)": 4.254347200000002,
        "p(95)": 7.963867599999993,
        "avg": 3.9477129157894733,
        "min": 0.031773
      }
    }
  },
  "root_group": {
    "name": "",
    "path": "",
    "id": "d41d8cd98f00b204e9800998ecf8427e",
    "groups": [
      {
        "checks": [
          {
            "name": "Inventory:  status 200",
            "path": "::Smoke Test - All Endpoints::Inventory:  status 200",
            "id": "54da7ebb2fa13979dcad67e03e11a0ae",
            "passes": 19,
            "fails": 0
          },
          {
            "name": "Inventory: has data",
            "path": "::Smoke Test - All Endpoints::Inventory: has data",
            "id": "c212b3ecc44e11bd548192e5bb6625f4",
            "passes": 19,
            "fails": 0
          },
          {
            "id": "816f95d96b6528cf458f2c9c96174a5b",
            "passes": 19,
            "fails": 0,
            "name": "Find Pets:  status 200",
            "path": "::Smoke Test - All Endpoints::Find Pets:  status 200"
          },
          {
            "name": "Find Pets: returns array",
            "path": "::Smoke Test - All Endpoints::Find Pets: returns array",
            "id": "a62a9b3fe5a5ef528edec49c7e2d0f5e",
            "passes": 19,
            "fails": 0
          },
          {
            "name": "Login: status 200",
            "path": "::Smoke Test - All Endpoints::Login: status 200",
            "id": "b993aebbf8e7fd28ee695efca0af7169",
            "passes": 0,
            "fails": 19
          },
          {
            "name": "Login: has response",
            "path": "::Smoke Test - All Endpoints::Login: has response",
            "id": "5932f5b2a0d3515f5143e5617190ebd6",
            "passes": 0,
            "fails": 19
          },
          {
            "name": "Get Order:  valid response",
            "path": "::Smoke Test - All Endpoints::Get Order:  valid response",
            "id": "79744d2965a4f634ff86ca5c9d5cb13f",
            "passes": 19,
            "fails": 0
          },
          {
            "path": "::Smoke Test - All Endpoints::Logout:  status 200",
            "id": "75362baa61c003d6e0d60caabcdc12e7",
            "passes": 19,
            "fails": 0,
            "name": "Logout:  status 200"
          }
        ],
        "name": "Smoke Test - All Endpoints",
        "path": "::Smoke Test - All Endpoints",
        "id": "7cd130950c71376ce5c1870938149ad7",
        "groups": []
      }
    ],
    "checks": []
  },
  "options": {
    "summaryTrendStats": [
      "avg",
      "min",
      "med",
      "max",
      "p(90)",
      "p(95)"
    ],
    "summaryTimeUnit": "",
    "noColor": false
  }
}